title,date,description,link
Jalisco’s Winter Flu Vaccination Drive Includes COVID-19 Vaccines,2025-10-21 12:30:41,"Puerto Vallarta's winter vaccination campaign is now underway, offering free influenza and updated COVID-19 vaccines from Moderna and Pfizer. The program aims to protect older adults, healthcare workers, pregnant women, and those with chronic illnesses from severe illness this cold season.",https://banderasnews.com/jaliscos-winter-flu-vaccination-drive-includes-covid-19-vaccines/
UKHSA says do these five things as nasty bugs spread,2025-10-21 12:30:11,UKHSA has shared a list of five things people can do to help stop the spread of infections,https://www.dailyrecord.co.uk/news/health/ukhsa-says-five-things-nasty-36107720
Recent RWE Data Show Cell-Based Influenza Vaccines Offer 20% Greater Protection in the Prevention of Test-Confirmed Influenza in Pediatric and Adult Populations Relative to Standard Egg-Based Influenza Vaccines,2025-10-21 12:30:00,Real-world evidence (RWE) data estimate 19.8% relative vaccine effectiveness (rVE) of cell-based quadrivalent influenza vaccines (QIVc) versus standard egg-based quadrivalent vaccines (QIVe) in the prevention of test-confirmed influenza during the 2023/24 U.S. season for populations six...,https://www.prnewswire.com/news-releases/recent-rwe-data-show-cell-based-influenza-vaccines-offer-20-greater-protection-in-the-prevention-of-test-confirmed-influenza-in-pediatric-and-adult-populations-relative-to-standard-egg-based-influenza-vaccines-302590073.html
Recent RWE Data Show Cell-Based Influenza Vaccines Offer 20% Greater Protection in the Prevention of Test-Confirmed Influenza in Pediatric and Adult Populations Relative to Standard Egg-Based Influenza Vaccines – Company Announcement - FT.com - Financial Times,2025-10-21 12:30:00,Recent RWE Data Show Cell-Based Influenza Vaccines Offer 20% Greater Protection in the Prevention of Test-Confirmed Influenza in Pediatric and Adult Populations Relative to Standard Egg-Based Influenza Vaccines – Company Announcement - FT.com Financial TimesCSL Seqirus (CSLLY): cell-based flu vaccines 19.8% more effective vs egg-based Stock Titan,https://news.google.com/rss/articles/CBMimAFBVV95cUxPLUNDLTNnRG5WakcwdWV4VUczekFrREFxNG1rWUw1Q01ZYmlCNlZVTk5OcDVLTkMyaWluY3FWbUxrZGdUVDRHenE4UVV2QVZIWWhzX2ZOWFBYakdVQVJqeGNRTk14ZWRUcG8zOElSZTdwZXFzRDZBU0kxcVA3N19oOXhGZFJibW13bE9pOXFmR05RSEVUT1JETQ?oc=5
Recent RWE Data Show Cell-Based Influenza Vaccines Offer 20% Greater Protection in the Prevention of Test-Confirmed Influenza in Pediatric and Adult Populations Relative to Standard Egg-Based Influenza Vaccines - PR Newswire,2025-10-21 12:30:00,Recent RWE Data Show Cell-Based Influenza Vaccines Offer 20% Greater Protection in the Prevention of Test-Confirmed Influenza in Pediatric and Adult Populations Relative to Standard Egg-Based Influenza Vaccines PR NewswireCSL Seqirus (CSLLY): cell-based flu vaccines 19.8% more effective vs egg-based Stock Titan,https://news.google.com/rss/articles/CBMi_gJBVV95cUxNTDVmeTUxMjdRd0lRSGJoc1lNTUhFNUQySUJOaE8yUFJnNDhyemtpSER0VFpmOHNCa3Rvb2Q2eVJncGRYTDFUazNLejRwZk03cmNaa0JJZlh6cW9FM25wMEx5WkJzSzF4NlF0cnV0NS1nT1kxcmtfZjhWMFZ6eUJRRmoxNEtwT1ltZmRPOGIyeFFtQ2NRVWtzb21odGkwNUJ4TVJBVzhQSXRVdENwUUgycjA2VmVBRldLRnlCR2tybHJ0dlRTazgyMkhiU1k4eXdPeWJwYlBTaTdvU3JiTmU3Tjd0U25GcmhtX2hZa2NNd216TWFPQVdZWHM2NUNjYUxUTHdCQU5rUnZ6SkZBclVtZENUUk1EcV9DbHFSd0d3XzVEYWkyQmFSRGRvNmhPMGJoZ3B2c0w3Mjl2UWJDTHJZc2NwNjdCMjhaRFA0RS1OUXJPVTBrckJlRHB4VEFuM2hROHQwb2ZHOGNnbGdtRkUyX3E1ZHZhY2VrRFVxXzl3?oc=5
Natural selection exerted by historical coronavirus epidemic(s): comparative genetic analysis in China Kadoorie Biobank and UK Biobank - BMC Genomics,2025-10-21 12:27:09,Natural selection exerted by historical coronavirus epidemic(s): comparative genetic analysis in China Kadoorie Biobank and UK Biobank BMC Genomics,https://news.google.com/rss/articles/CBMifkFVX3lxTE1xdDhRRFV3N19tcU1zS3NhdDFHREVBZjRESHY2RTRkZWhMZEUwZW9yUUNBWVJvY0Z0LVF1SW95Mmw1QmdGY2daRjZZd3VpVW5BVzJXZU55RlNKQVVfRXExVnJSY2QwN3RDc1U4SEwtdzg4OXlPSkVmV1drb01aZw?oc=5
Hoth Therapeutics Reports FDA Orphan Drug Designation and Strong Preclinical Data for HT-KIT in Rare c-KIT-Driven Cancers,2025-10-21 12:23:00,>80% KIT knock-down and significant tumor-volume reduction in systemic mastocytosis and GIST models; GLP-validated bio analytics complete; Japan Patent protects through 2039 as IND work advances. Planned Next Steps (Near-Term): Complete GLP toxicology and CMC packages; submit IND....,https://www.prnewswire.com/news-releases/hoth-therapeutics-reports-fda-orphan-drug-designation-and-strong-preclinical-data-for-ht-kit-in-rare-c-kitdriven-cancers-302589603.html
"Critical Care Equipment Market Poised to Reach US$ 28.5 billion in 2022 and US$ 64.8 billion by 2031, Fueled by Rising Global Demand for Acute Care",2025-10-21 12:18:34,The Global Critical Care Equipment Market reached US$ 28.5 billion in 2022 and is projected to witness lucrative growth by reaching up to US$ 64.8 billion by 2030. The global critical care equipment market is expected to exhibit a CAGR,https://www.openpr.com/news/4232724/critical-care-equipment-market-poised-to-reach-us-28-5-billion
In Memory Of Honorary Doctor Leif Lundblad,2025-10-21 12:17:44,"Leif Lundblad, entrepreneur, inventor and honorary doctor at Karolinska Institutet, has died at the age of 87. He is survived by his wife Irene and",https://www.nationaltribune.com.au/in-memory-of-honorary-doctor-leif-lundblad/
Influenza-like illnesses: What is it and how to avoid it,2025-10-21 12:16:48,"Some Filipinos are experiencing fear and anxiety as social media is buzzing about the recent increase in influenza-like illnesses (ILIs) in the country. However, what is an ILI and what does it mean?",https://www.gmanetwork.com/news/topstories/nation/963221/flu-like-illnesses-how-to-avoid-it/story/
