title,date,description,link,source,fetched_at
"Hokkaido Reports Second Bird Flu Case of the Season, Massive Culling Underway",2025-11-02T20:20:04Z,"An outbreak of highly pathogenic avian influenza has been confirmed at a poultry farm in Eniwa City, Hokkaido, prompting authorities to begin culling operations on the afternoon of November 2nd. (News On Japan)",https://newsonjapan.com/article/147480.php,Newsonjapan.com,2025-11-03 15:06:00
New Zealand measles outbreak: What it’s like when your child has measles - and a GP’s warning,2025-11-02T18:56:01Z,What it’s like when your child has measles - and a GP’s warning for families.,https://www.nzherald.co.nz/lifestyle/new-zealand-measles-outbreak-what-its-like-when-your-child-has-measles-and-a-gps-warning/RZKBC7U66RGS5OU2H7DS4X6HL4/,New Zealand Herald,2025-11-03 15:06:00
This Physicist Says We Don’t Take COVID Seriously Enough,2025-11-02T18:46:46Z,"The pandemic isn't over, and there's still much to fear from the COVID-19 virus.",https://werd.io/this-physicist-says-we-dont-take-covid-seriously-enough/,Werd.io,2025-11-03 15:06:00
A Biologist Reveals The #1 Most Devastating Disease Brought By Columbus Back To Europe (Hint: It’s Sexually Transmitted),2025-11-02T13:53:47Z,"When we think about the “Columbian exchange,” much attention is paid to the diseases that were brought from the Old World to the New World. But disease transmission is always a two-way street. A biologist explains.",https://www.forbes.com/sites/scotttravers/2025/11/02/a-biologist-reveals-the-1-most-devastating-disease-brought-by-columbus-back-to-europe-hint-its-sexually-transmitted/,Forbes,2025-11-03 15:06:00
This 1 Virus Is The Most Likely To Be Lingering On Your Unwashed Clothes,2025-11-02T12:00:20Z,"Which germs tend to live on clothing the longest, the types of fabric that harbor germs and how to properly wash your clothes.",https://www.huffpost.com/entry/laundry-washing-clothes-sickness-goog_l_6904bbd1e4b0d05408abf26f,HuffPost,2025-11-03 15:06:00
Most blacklisted individuals involve in check-bounce cases,2025-11-02T09:45:00Z,"Kathmandu, Nov 1: Even after the government extended the duration for putting defaulters on the financial blacklist, the number of […]
The post Most blacklisted individuals involve in check-bounce cases appeared first on Peoples' Review.",https://mypeoplesreview.com/2025/11/02/most-blacklisted-individuals-involve-check-bounce-cases/,Mypeoplesreview.com,2025-11-03 15:06:00
"People suffering from Parkinson’s disease feel pitied and misjudged, Irish study finds",2025-11-02T05:30:00Z,"People living with Parkinson’s disease in Ireland have spoken about suffering from stigma, alienation and isolation.",https://www.independent.ie/irish-news/people-suffering-from-parkinsons-disease-feel-pitied-and-misjudged-irish-study-finds/a731091220.html,Independent.ie,2025-11-03 15:06:00
"Screening clinics for tuberculosis opening up in Inukjuak, Que., amid rising cases across Nunavik",2025-11-01T17:23:35Z,"The Inuulitsivik Health Centre, which provides services to Nunavimmiut on the Hudson Bay coast, said it will be setting up mobile clinics in Inukjuak from Nov. 3 to Nov. 28. After that, IHC said each community along the Hudson coast will have its own screenin…",https://www.cbc.ca/news/canada/north/mass-screening-tuberculosis-nunavik-9.6962490,CBC News,2025-11-03 15:06:00
Hundreds killed in Darfur hospital massacre amid Sudan’s deadly civil war,2025-11-01T16:58:00Z,"Displaced Sudanese who fled El-Fasher after the city fell to the Rapid Support Forces (RSF), arrive in the town of Tawila war-torn Sudan's western Darfur region on October 28, 2025. / Credit: AFP via Getty Images

Washington, D.C. Newsroom, Nov 1, 2025 / 12:5…",https://www.catholicnewsagency.com/news/267537/hundreds-killed-in-darfur-hospital-massacre-amid-sudan-s-deadly-civil-war,Catholicnewsagency.com,2025-11-03 15:06:00
Hundreds Killed as Sudanese Militia Overrun Last Hospital in Darfur,2025-10-31T18:32:45Z,"The Sudanese insurgent militia known as the Rapid Support Forces (RSF) overran the city of al-Fashir and raided its last functioning hospital this week, reportedly killing hundreds of people and displacing thousands of others.
The post Hundreds Killed as Suda…",https://www.breitbart.com/africa/2025/10/31/hundreds-killed-as-sudanese-militia-overrun-last-hospital-in-darfur/,Breitbart News,2025-11-03 15:06:00
Engineered Nanobodies for early and accurate diagnosis of dengue virus infection,2025-10-31T14:00:00Z,"Author summary Dengue virus is a major public health concern in Latin America, with recurring outbreaks placing significant strain on healthcare systems. Early detection is crucial for effective patient management and controlling the spread of the virus. This…",https://journals.plos.org/plosntds/article?id=10.1371/journal.pntd.0013168,Plos.org,2025-11-03 15:06:00
Assessment of vector control strategies based on mass Aedes (Stegomyia) mosquito trapping (AGOs traps) pilot study in a US-Mexico border region of South Texas,2025-10-31T14:00:00Z,"Author summary Aedes aegypti mosquitoes are critically important vectors for global public health due to their primary role in the transmission of diseases such as dengue, Zika, chikungunya, and yellow fever, which affect millions of people worldwide, particu…",https://journals.plos.org/plosntds/article?id=10.1371/journal.pntd.0013665,Plos.org,2025-11-03 15:06:00
Health effects of street vended fresh cut fruits: A randomized controlled trial in Bangladesh,2025-10-31T14:00:00Z,"Foodborne infections, particularly from street-vended fresh-cut fruits, are a growing public health concern in urban settings of developing countries. This study evaluated the gastrointestinal effects of consuming street-vended fruits in a randomized controll…",https://journals.plos.org/plosone/article?id=10.1371/journal.pone.0335979,Plos.org,2025-11-03 15:06:00
MALDI-TOF MS for malaria vector surveillance: A cost-comparison analysis using a decision-tree approach,2025-10-31T14:00:00Z,"Background The use of MALDI-TOF MS for mosquito identification and surveillance is routinely used in developed countries as an affordable alternative to molecular methods. However, in low- and middle-income countries (LMIC) where mosquito-borne diseases carry…",https://journals.plos.org/plosone/article?id=10.1371/journal.pone.0335764,Plos.org,2025-11-03 15:06:00
From sea to cure: Discovery of marine-derived therapeutics against Fusarium solani in shrimps for enhancing aquaculture sustainability,2025-10-31T14:00:00Z,"Fusarium solani, an Ascomycota filamentous fungus species, causes shell disease or mycotic infections in wild and farmed shrimps. It causes black gill disease in shrimps, which has no specific treatments, so cutting-edge pharmaceutical research to prevent glu…",https://journals.plos.org/plosone/article?id=10.1371/journal.pone.0336107,Plos.org,2025-11-03 15:06:00
Mycobacterium tuberculosis triggers reduced inflammatory cytokine responses and virulence in mice lacking Tax1bp1,2025-10-31T14:00:00Z,"Author summary Macrophages are the first innate immune cells to encounter and be infected by Mycobacterium tuberculosis (Mtb) during infection. There are at least 9 different types of macrophages, and recent studies suggest that some permit M. tuberculosis re…",https://journals.plos.org/plospathogens/article?id=10.1371/journal.ppat.1012829,Plos.org,2025-11-03 15:06:00
Bill Gates Warns COP30 Leaders Are 'Wasting Billions' on Climate Panic Instead of Saving Lives,2025-10-31T10:48:13Z,"Bill Gates argues that global efforts should prioritise fighting hunger and disease over strict climate targets, claiming this approach will save more lives and improve human welfare.",https://www.ibtimes.com/bill-gates-warns-cop30-leaders-are-wasting-billions-climate-panic-instead-saving-lives-3789046,International Business Times,2025-11-03 15:06:00
Of the article: Microbiological assessment of a herbal mouth rinse for treating chronic generalized periodontitis,2025-10-31T00:00:00Z,"Periodontal diseases remain highly prevalent across age groups, often aggravated by poor oral hygiene, occlusal anomalies, and defective restorations. This study evaluated the effectiveness of Art-Dentale Expert mouthwash against major periodontopathogens in …",https://www.nature.com/articles/s41598-025-22028-9,Nature.com,2025-11-03 15:06:00
Delineating markers of disease-disease interaction: a systematic methodology and its application to multiple diabetes-helminth cohorts,2025-10-31T00:00:00Z,"Background Understanding how the molecules in our bodyrespond to the co-occurrence of two diseases in an individual (comorbidity) could lead tomechanistic insights into novel treatments for comorbid conditions. Studies have shown forinstance, that responses o…",https://bmcbioinformatics.biomedcentral.com/articles/10.1186/s12859-025-06226-w,Biomedcentral.com,2025-11-03 15:06:00
2025 Malaria and Dengue Cases Surge in Ranchi: District-Wise Analysis Reveals Varied Incidence Rates,2025-10-30T18:24:05Z,"Jharkhand's 2025 vector-borne disease report reveals stark contrasts. Southern districts like West Singhbhum lead in malaria with over 7,700 cases, while northern areas show fewer infections. Dengue remains a concern, particularly in urban Ranchi. Health offi…",https://timesofindia.indiatimes.com/city/ranchi/2025-malaria-and-dengue-cases-surge-in-ranchi-district-wise-analysis-reveals-varied-incidence-rates/articleshow/124965544.cms,The Times of India,2025-11-03 15:06:00
"Manipur reports 129 new dengue cases; tally rises to 3,594 this year",2025-10-30T15:20:28Z,"Manipur faces a significant dengue outbreak this year. Over 3,500 people have tested positive for the viral disease. One death has been reported in Bishnupur district. Health authorities are actively implementing control measures. These include fogging operat…",https://economictimes.indiatimes.com/news/india/manipur-reports-129-new-dengue-cases-tally-rises-to-3594-this-year/articleshow/124958792.cms,The Times of India,2025-11-03 15:06:00
The exploitation of nutrient metals by bacteria for survival and infection in the gut,2025-10-30T14:00:00Z,"Trace transition metals are required for cellular life processes, such as respiration, metabolism, and DNA replication. At high levels, nutrient metals can be toxic due to oxidative stress and mismetallation of critical metalloenzymes. All organisms tightly r…",https://journals.plos.org/plospathogens/article?id=10.1371/journal.ppat.1013580,Plos.org,2025-11-03 15:06:00
"Newborn screening for sickle cell disease in Caluquembe, southwestern Angola, 2024–2025",2025-10-30T14:00:00Z,"Objectives Angola is one of the countries with the highest prevalence of sickle cell disease (SCD). Neonatal SCD testing is recommended by the Angolan government, but it is not routinely performed. Nearly all previous studies of SCD have been conducted in cit…",https://journals.plos.org/plosone/article?id=10.1371/journal.pone.0335720,Plos.org,2025-11-03 15:06:00
Mycoplasma Pneumoniae bronchiolitis and hypoxemia: A retrospective cohort study on risk and prognosis,2025-10-30T14:00:00Z,Objective Mycoplasma pneumoniae (MP) bronchiolitis can potentially lead to severe respiratory symptoms and long-term complications. This study aimed to determine the risk factors for the development of hypoxemia in MP bronchiolitis and report its prognosis.  …,https://journals.plos.org/plosone/article?id=10.1371/journal.pone.0335604,Plos.org,2025-11-03 15:06:00
"Scientists list 10 pressing climate issues: How 2023-24 became warmest, ocean warming among them",2025-10-30T13:27:06Z,"New climate science reveals 2023-2024 were the warmest years. Oceans are warming at an unprecedented rate, impacting ecosystems. Dengue outbreaks are at a record high due to climate shifts. These findings underscore the urgent need for accelerated climate act…",https://economictimes.indiatimes.com/news/science/scientists-list-10-pressing-climate-issues-how-2023-24-became-warmest-ocean-warming-among-them/articleshow/124955190.cms,The Times of India,2025-11-03 15:06:00
All the existing drugs that could stop cancer from returning,2025-10-30T10:43:58Z,‘Drug repurposing’ involves taking medicines that already exist and testing whether they can treat different diseases,https://www.the-independent.com/life-style/health-and-families/breast-cancer-treatment-antibiotics-blood-pressure-b2855178.html,The-independent.com,2025-11-03 15:06:00
"Bill Gates pivots on climate rhetoric, urges focus on poverty over emissions panic",2025-10-30T06:00:00Z,"Gates now argues that apocalyptic climate narratives overshadow urgent humanitarian crises like poverty and disease, urging policymakers to prioritize immediate suffering over theoretical future threats. In a new memo, Gates advocates reallocating resources f…",https://www.naturalnews.com/2025-10-30-bill-gates-urges-focus-poverty-over-emissions-panic.html,Naturalnews.com,2025-11-03 15:06:00
Marc Sorenson reveals the sunlight paradox: How modern medicine’s fear of the sun makes people sicker,2025-10-30T06:00:00Z,"Public health warnings to avoid the sun have contributed to soaring vitamin D deficiency rates. Chronic diseases linked to sunlight deprivation – cancer, heart disease, diabetes and autoimmune disorders – have risen dramatically. Despite fearmongering, sunlig…",https://www.naturalnews.com/2025-10-30-modern-medicines-fear-of-sun-makes-people-sicker.html,Naturalnews.com,2025-11-03 15:06:00
"Spatio-temporal distribution and environmental determinants of dengue vectors in Phnom Penh, Cambodia",2025-10-29T14:00:00Z,"Author summary Dengue fever is a major health concern in Southeast Asia, especially in Cambodia, where outbreaks repeatedly affect the population. The pathogen, the dengue virus, is transmitted by two main mosquito vector species, Aedes aegypti and Aedes albo…",https://journals.plos.org/plosntds/article?id=10.1371/journal.pntd.0013667,Plos.org,2025-11-03 15:06:00
Prevalence and risk factors of scabies among orphans: A cross-sectional study in Bangladesh,2025-10-29T14:00:00Z,"Author summary Scabies is a common but often overlooked skin disease that affects children, particularly those from disadvantaged backgrounds. This study investigated how widespread scabies is among children living in orphanages in Dhaka, Bangladesh, and iden…",https://journals.plos.org/plosntds/article?id=10.1371/journal.pntd.0013671,Plos.org,2025-11-03 15:06:00
Epidemiologic features and potential year of life lost of scrub typhus in China: A nationwide surveillance analysis (2006– 2023),2025-10-29T14:00:00Z,"Author summary In China, scrub typhus, a disease caused by Orientia tsutsugamushi and spread by its vector, is still a major public health issue. Scrub typhus’s epidemiological patterns, spatiotemporal distribution, and health effects in mainland China from 2…",https://journals.plos.org/plosntds/article?id=10.1371/journal.pntd.0013666,Plos.org,2025-11-03 15:06:00
ZNFX1 functions as a compensatory dsRNA recognition receptor to exert antiviral effect in orange-spotted grouper,2025-10-29T14:00:00Z,"Authors summary A diverse array of fish in Actinopterygii lack the canonical dsRNA receptor RIG-I. Whether this deficiency undermines the capacity of fish to defend against RNA viruses, whether alternative antiviral dsRNA receptors exist, and how the intricat…",https://journals.plos.org/plospathogens/article?id=10.1371/journal.ppat.1013652,Plos.org,2025-11-03 15:06:00
Is it dangerous to catch a cold… or was Jane Austen just being dramatic?,2025-10-29T11:44:02Z,"In many of Austen’s novels, going out in the rain meant risking illness or death. Was this really the case?",https://theconversation.com/is-it-dangerous-to-catch-a-cold-or-was-jane-austen-just-being-dramatic-268440,The Conversation Africa,2025-11-03 15:06:00
Roche receives CE mark for novel automated high-throughput Elecsys Dengue Ag test to diagnose dengue,2025-10-29T06:00:00Z,"Basel, 29 October 2025 - Roche (SIX: RO, ROG; OTCQX: RHHBY) announced today that it has received CE mark for its Elecsys® Dengue Ag test – a high-throughput, fully automated immunoassay to be used as an aid in the diagnosis of an acute dengue virus infection.…",https://www.globenewswire.com/news-release/2025/10/29/3176120/0/en/Roche-receives-CE-mark-for-novel-automated-high-throughput-Elecsys-Dengue-Ag-test-to-diagnose-dengue.html,GlobeNewswire,2025-11-03 15:06:00
Eighteen people infected with dengue in Baitadi,2025-10-29T02:44:37Z,"BAITADI: Dengue cases are on the rise in Baitadi, with 18 infections confirmed in the past three months, according to the District Health Office. Lab Technician Inspector Jay Singh Badal informed that the cases have been detected across four municipalities. O…",https://english.khabarhub.com/2025/29/503265/,Khabarhub.com,2025-11-03 15:06:00
"Madhya Pradesh: 20-year-old dies as ambulance stops to ‘see leopard’, reaches hospital late; driver, staff held",2025-10-29T02:01:22Z,"A malaria patient tragically died after an ambulance driver stopped in a forested area, claiming to have seen a leopard. The patient's family alleges the driver and attendant demanded extra fare during the delay. Authorities arrested the duo, who now face cha…",https://timesofindia.indiatimes.com/city/bhopal/mp-horror-patient-dies-after-ambulance-halts-over-leopard-sighting-driver-staff-held-for-demanding-extra-money/articleshow/124886570.cms,The Times of India,2025-11-03 15:06:00
HHS fires senior adviser who opposed COVID-19 vaccines: Reports,2025-10-29T00:32:40Z,"The former health official previously served as Trump's adviser in his first term and advocated for using hydroxychloroquine, an anti-malaria drug, for treating COVID-19 infections during the pandemic.",https://justthenews.com/politics-policy/health/hhs-fires-senior-advisor-who-opposed-covid-19-vaccines-reports,Justthenews.com,2025-11-03 15:06:00
How climate change is making us sick,2025-10-29T00:01:00Z,The recent discovery of mosquitos in Iceland is just one way the climate crisis is creating new health hazards. A new scientific report says these risks are now unprecedented.,https://www.dw.com/en/how-climate-change-is-making-us-sick/a-74519829,DW (English),2025-11-03 15:06:00
"Hokkaido Reports Second Bird Flu Case of the Season, Massive Culling Underway",2025-11-02T20:20:04Z,"An outbreak of highly pathogenic avian influenza has been confirmed at a poultry farm in Eniwa City, Hokkaido, prompting authorities to begin culling operations on the afternoon of November 2nd. (News On Japan)",https://newsonjapan.com/article/147480.php,Newsonjapan.com,2025-11-03 15:06:00
This 1 Virus Is The Most Likely To Be Lingering On Your Unwashed Clothes,2025-11-02T12:00:20Z,"Which germs tend to live on clothing the longest, the types of fabric that harbor germs and how to properly wash your clothes.",https://www.huffpost.com/entry/laundry-washing-clothes-sickness-goog_l_6904bbd1e4b0d05408abf26f,HuffPost,2025-11-03 15:06:00
"Bird flu outbreak confirmed in St. Louis County, other Missouri communities - KSDK",2025-10-31T22:32:04Z,"Bird flu outbreak confirmed in St. Louis County, other Missouri communitiesKSDK We may never get bird flu — or egg prices — under controlvox.com Avian Flu detected on more Minnesota turkey farmsCIDRAP A Mild Avian Influenza Season Ahead?Contagion Live Bird Fl…",https://slashdot.org/firehose.pl?op=view&amp;id=179925190,Slashdot.org,2025-11-03 15:06:00
"Horizon treats patients in hallways, storage rooms as record-high beds occupied by long-term care patients",2025-10-31T17:10:24Z,"The number of Horizon hospital beds occupied by people awaiting long-term care has reached a record high, pushing occupancy rates to crisis levels, officials warned Thursday.",https://www.cbc.ca/news/canada/new-brunswick/horizon-alternate-level-of-care-patients-beds-occupancy-9.6961956,CBC News,2025-11-03 15:06:00
"Hungary reports bird flu outbreak on farm, WOAH says",2025-10-31T10:47:50Z,,https://biztoc.com/x/c3bb80c65463a4ee,Biztoc.com,2025-11-03 15:06:00
US woman woke up with flu-like symptoms and thought it was sinus infection. She was diagnosed with stage 3 ovarian cancer,2025-10-31T10:31:13Z,"A 42-year-old woman's Disney trip plans were derailed by flu-like symptoms, initially mistaken for a sinus infection.  Despite negative COVID tests, further evaluation revealed stage 3 ovarian cancer.  Her story highlights the often-vague symptoms of this 'si…",https://economictimes.indiatimes.com/news/international/global-trends/us-woman-woke-up-with-flu-like-symptoms-and-thought-it-was-sinus-infection-she-was-diagnosed-with-stage-3-ovarian-cancer/articleshow/124986560.cms,The Times of India,2025-11-03 15:06:00
New Covid strain found in moustached bats — scientists fear it’s been spreading for months,2025-10-30T16:26:56Z,"Scientists have found a new virus called BRZ batCoV in moustached bats in Latin America. Experts are studying it because it has some Covid-like traits. They say there is no sign it spreads to humans yet, but it shows why watching viruses in animals is very im…",https://economictimes.indiatimes.com/news/international/us/new-covid-strain-found-in-moustached-bats-scientists-fear-its-been-spreading-for-months/articleshow/124960881.cms,The Times of India,2025-11-03 15:06:00
Please pray for baby Dylan,2025-10-30T16:11:32Z,"Baby Dylan, under one year old, suddenly and unexpectedly began having seizures...for hours. He's in the hospital being kept under heavy sedation. When they try to bring him out, he begins seizing again. They say he has something called ""Perry flu"". I'm not f…",https://freerepublic.com/focus/f-bloggers/4349627/posts,Freerepublic.com,2025-11-03 15:06:00
UKHSA 'monitoring situation' after meningitis cases,2025-10-30T12:00:26Z,The government body says meningitis symptoms can easily be confused with a hangover.,https://www.bbc.com/news/articles/cpwv17ywk45o,BBC News,2025-11-03 15:06:00
Elderly patients facing 'war-like' conditions in Britain's hospitals,2025-10-30T11:59:00Z,"Corridor care in Britain's hospitals is a ""crisis in plain sight"", a charity has warned, with patients complaining of long waits and warzone-like conditions.",https://news.sky.com/story/elderly-patients-facing-war-like-conditions-in-britains-hospitals-says-report-13460650,Sky.com,2025-11-03 15:06:00
How one hospital combated ER overcrowding with predictive analytics,2025-10-30T08:00:00Z,"Data-informed throughput optimization created the equivalent capacity of a 30-bed unit, according to the hospital president.",https://www.techtarget.com/healthtechanalytics/feature/How-one-hospital-combated-ER-overcrowding-with-predictive-analytics,Techtarget.com,2025-11-03 15:06:00
Why no person is allowed to die in this town of Norway,2025-10-29T18:05:29Z,"In Norway's remote Longyearbyen, a unique law prohibits dying or being born due to permafrost preserving ancient viruses. Scientists discovered this when bodies from the 1918 Spanish flu still harbored the virus. Pregnant women and the terminally ill must tra…",https://timesofindia.indiatimes.com/life-style/travel/destinations/why-no-person-is-allowed-to-die-in-this-town-of-norway/articleshow/124912934.cms,The Times of India,2025-11-03 15:06:00
"Masking at health-care facilities mandatory starting Monday, says NLHS",2025-10-29T15:13:31Z,Newfoundland and Labrador Health Services is bringing back a masking requirement in clinical areas in hospitals and health-care facilities in a bid to cut down on the spread of respiratory infections.,https://www.cbc.ca/news/canada/newfoundland-labrador/nlhs-mask-mandate-hospitals-9.6958049,CBC News,2025-11-03 15:06:00
"Avian flu found on 5 commercial poultry farms in Manitoba, culls now underway",2025-10-29T14:05:37Z,"The Canadian Food Inspection Agency says avian influenza has been found in five commercial poultry flocks in Manitoba, the first cases detected since early May.",https://www.cbc.ca/news/canada/manitoba/avian-flu-poultry-farms-manitoba-culls-9.6956774,CBC News,2025-11-03 15:06:00
"Fota Wildlife Park ‘exploring support options’ to help with €120,000 per week costs during closure",2025-10-29T13:50:47Z,"Fota Wildlife Park has been closed to the public since 14 October due to confirmed cases of avian influenza, more commonly known as bird flu.",https://www.thejournal.ie/fota-wildlife-park-cork-closure-bird-flu-6859195-Oct2025/,TheJournal.ie,2025-11-03 15:06:00
"Disease in flight: Bird flu spreads in Europe, US",2025-10-29T09:37:47Z,"Science News: Bird flu cases are rising in the Northern Hemisphere, and outbreaks are likely to continue testing farmers and public health authorities determined to.",https://timesofindia.indiatimes.com/science/disease-in-flight-bird-flu-spreads-in-europe-us/articleshow/124895484.cms,The Times of India,2025-11-03 15:06:00
Infection of new wild bird species is driving Europe’s soaring avian flu,2025-10-28T17:04:19Z,The World Organisation for Animal Health called on Europe to avoid alarmism,https://biztoc.com/x/6cd23b284476ba76,Biztoc.com,2025-11-03 15:06:00
Infection of new wild bird species is driving Europe’s soaring avian flu,2025-10-28T16:50:01Z,The World Organisation for Animal Health called on Europe to avoid alarmism,https://www.euractiv.com/news/infection-of-new-wild-bird-species-is-driving-europes-soaring-avian-flu/,EURACTIV,2025-11-03 15:06:00
'Made in Chelsea's Sam Vanderpump Has ‘End-Stage Liver Disease’,2025-10-28T16:24:03Z,"Lisa Vanderpump's nephew Sam Vanderpump has revealed a terrifying health diagnosis -- he has irreversible ""end-stage"" liver disease. The 28-year-old ""Made in Chelsea"" star opened up about the diagnosis on Monday night's episode of the series,…",https://www.tmz.com/2025/10/28/sam-vanderpump-end-stage-liver-disease/,TMZ,2025-11-03 15:06:00
How a surge in ancient plagues 5000 years ago shaped humanity,2025-10-28T16:00:31Z,"Plague, leprosy, smallpox and other diseases didn't jump from animals to humans when we thought. Ancient DNA is revealing where they come from and how they changed history",https://www.newscientist.com/article/2500060-how-a-surge-in-ancient-plagues-5000-years-ago-shaped-humanity/,New Scientist,2025-11-03 15:06:00
"With Thanksgiving Around the Corner, Bird Flu Cases Are on the Rise Again",2025-10-28T15:24:45Z,,https://biztoc.com/x/bb573ad4e75ae5f7,Biztoc.com,2025-11-03 15:06:00
"Disease in flight: Bird flu spreads in Europe, US. What's new?",2025-10-28T14:25:00Z,"Migratory birds are spreading the deadly H5N1 disease again, forcing German, Danish and Dutch farms to kill poultry stock. US cases are rising, too.",https://www.dw.com/en/h5n1-bird-flu-spreading-to-poultry-via-migratory-cranes-germany-denmark-netherlands-usa-europe/a-74527770,DW (English),2025-11-03 15:06:00
What is mulethi? Why this herb tea is great for changing season,2025-10-28T10:01:44Z,"Mulethi, or licorice root, is a potent herb offering significant benefits during seasonal transitions. Its immune-boosting and respiratory-soothing properties combat common cold and flu symptoms. Mulethi tea also aids digestion and reduces inflammation, makin…",https://timesofindia.indiatimes.com/life-style/food-news/what-is-mulethi-why-this-herb-tea-is-great-for-changing-season/articleshow/124870131.cms,The Times of India,2025-11-03 15:06:00
DOH issues health tips for the ‘amihan’ season,2025-10-28T09:50:45Z,The Department of Health advised the public to take preventive measures to avoid illnesses as the country enters the “amihan” (northeast monsoon) season.,https://interaksyon.philstar.com/trends-spotlights/2025/10/28/304080/doh-health-tips-amihan-season/,Philippine Star,2025-11-03 15:06:00
"Germany: 500,000 birds culled as flu spreads - DW",2025-10-28T08:52:11Z,"Germany: 500,000 birds culled as flu spreadsDW Rapid early spread of bird flu in Europe raises fears of fresh crisisReuters Slovakia reports H5N1 bird flu outbreak, WOAH saysGlobal Banking | Finance | Review German farms set to cull 130,000 ducks and chickens…",https://slashdot.org/firehose.pl?op=view&amp;id=179889784,Slashdot.org,2025-11-03 15:06:00
More than half a million birds culled in German bird flu outbreak,2025-10-28T07:47:03Z,"More than half a million farm birds have been culled in Germany, authorities said Monday, as experts predicted it could result in a steep rise in egg prices for consumers.",https://www.thelocal.de/20251028/more-than-half-a-million-birds-culled-in-german-bird-flu-outbreak,The Local Germany,2025-11-03 15:06:00
Today in Germany: A roundup of the latest news on Tuesday,2025-10-28T07:10:20Z,"German business mood goes up slightly, rail disruption in Munich,  majority of women 'feel unsafe' in public spaces, half a million birds culled in bird flu outbreak and more news this Tuesday, October 28th.",https://www.thelocal.de/20251028/today-in-germany-a-roundup-of-the-latest-news-on-tuesday-96,The Local Germany,2025-11-03 15:06:00
Patient Met A Hospital Worker In Scrubs And Kept Asking Questions Regarding His Health Until The Hospital Worker Had To Tell The Patient That He Doesn’t Work There,2025-10-28T03:15:45Z,Sometimes it's hard to tell.,http://twistedsifter.com/2025/10/patient-met-a-hospital-worker-in-scrubs-and-kept-asking-questions-regarding-his-health-until-the-hospital-worker-had-to-tell-the-patient-that-he-doesnt-work-there/,Twistedsifter.com,2025-11-03 15:06:00
Daily briefing: The secret language of plants,2025-10-28T00:00:00Z,"Scientists are only now starting to understand the full role of the plant cell wall. Plus, the risks of a less-familiar form of avian influenza virus and how tides impact the development of urbanization.",https://www.nature.com/articles/d41586-025-03548-w,Nature.com,2025-11-03 15:06:00
"Retail Worker Is Fired For Calling In Sick Too Many Times, But He Quickly Realizes That He’s Better Off Without That Job Anyway",2025-10-27T21:35:18Z,Getting fired for being sick is ridiculous!,http://twistedsifter.com/2025/10/retail-worker-is-fired-for-calling-in-sick-too-many-times-but-he-quickly-realizes-that-hes-better-off-without-that-job-anyway/,Twistedsifter.com,2025-11-03 15:06:00
"Germany: 500,000 birds culled as flu spreads",2025-10-27T18:17:00Z,"Dozens of cases of bird flu have been reported across the country, especially in north-eastern regions. The virus isn't particularly dangerous for humans, but could result in higher prices for poultry and eggs.",https://www.dw.com/en/germany-500000-birds-culled-as-flu-spreads/a-74516613,DW (English),2025-11-03 15:06:00
Experts Claim Risk Of Human Bird Flu Pandemic Is Rising,2025-10-27T17:30:17Z,"A minor strain of the avian influenza, H9N2, could mutate to infect humans and cause a pandemic, according to experts. They claim that this strain of the bird flu virus has adapted to human cells, but cases of person-to-person transmission haven’t been report…",https://www.shtfplan.com/headline-news/experts-claim-risk-of-human-bird-flu-pandemic-is-rising,Shtfplan.com,2025-11-03 15:06:00
"Avian flu strikes farms in B.C.'s Fraser Valley, with 7 outbreaks this month",2025-10-27T15:46:23Z,"Avian flu has broken out in at least seven locations across B.C.’s Fraser Valley this month, with six cases cropping up since Thursday, and local farmers are doing all they can to protect their flocks.",https://www.cbc.ca/news/canada/british-columbia/avian-flu-breaks-out-bc-fraser-valley-farms-9.6954509,CBC News,2025-11-03 15:06:00
Trump received MRI at Walter Reed. What health conditions has he been diagnosed with?,2025-10-27T13:26:45Z,President Donald Trump speaking with reporters on Air Force One on his way to Japan revealed he received an MRI at Walter Reed earlier this month.,https://www.usatoday.com/story/news/politics/2025/10/27/donald-trump-mri-conditions/86925576007/,USA Today,2025-11-03 15:06:00
Bird flu's comeback raises fears about readiness (Tina Reed/Axios),2025-10-27T12:55:00Z,"Tina Reed / Axios:
Bird flu's comeback raises fears about readiness  —  Migratory birds are driving up avian flu cases across the country, reviving concerns about U.S. readiness to respond to outbreaks, especially during the government shutdown. … - But the v…",https://www.memeorandum.com/251027/p22,Memeorandum.com,2025-11-03 15:06:00
Mosquitoes Found in Iceland for the First Time amid Climate Change,2025-10-27T10:00:00Z,"Bird flu surges and a government shutdown collide, complicating efforts to track cases and protect flocks.",https://www.scientificamerican.com/podcast/episode/mosquitoes-found-in-iceland-for-the-first-time-amid-climate-change/,Scientific American,2025-11-03 15:06:00
Bird flu's comeback raises fears about readiness,2025-10-27T09:33:00Z,"Data: USDA; Chart: Axios Visuals
Migratory birds are driving up avian flu cases across the country, reviving concerns about U.S. readiness to respond to outbreaks, especially during the government shutdown.
Why it matters: The most immediate concern is how th…",https://biztoc.com/x/0009b74082f5e047,Biztoc.com,2025-11-03 15:06:00
This ‘minor’ bird flu strain has potential to spark human pandemic,2025-10-27T00:00:00Z,Experiments suggests H9N2 has adapted to human cells but cases of person-to-person transmission haven’t been reported yet.,https://www.nature.com/articles/d41586-025-03519-1,Nature.com,2025-11-03 15:06:00
New Zealand measles outbreak: What it’s like when your child has measles - and a GP’s warning,2025-11-02T18:56:01Z,What it’s like when your child has measles - and a GP’s warning for families.,https://www.nzherald.co.nz/lifestyle/new-zealand-measles-outbreak-what-its-like-when-your-child-has-measles-and-a-gps-warning/RZKBC7U66RGS5OU2H7DS4X6HL4/,New Zealand Herald,2025-11-03 15:06:00
Doctors caution tourists as ‘monkey fever’ season begins,2025-11-02T18:38:30Z,"Kyasanur Forest Disease (KFD), also known as ‘monkey fever’ or Makad Taap, primarily circulates among ticks and wild animals, with monkeys being part.",https://timesofindia.indiatimes.com/city/goa/doctors-caution-tourists-as-monkey-fever-season-begins/articleshow/125039924.cms,The Times of India,2025-11-03 15:06:00
West Ham stun Newcastle to record first win under Nuno Espirito Santo,2025-11-02T16:56:06Z,"West Ham won their first home game since February, and their first under new boss Nuno Espirito Santo, by beating travel sick Newcastle 3-1.",https://www.independent.ie/sport/soccer/premier-league/west-ham-stun-newcastle-to-record-first-win-under-nuno-espirito-santo/a1934985745.html,Independent.ie,2025-11-03 15:06:00
Super greens powder supplements sold at Sam's Club linked to salmonella outbreak,2025-11-02T16:26:41Z,Authorities say at least 11 people have been sickened with salmonella infections linked to powder supplements sold at Sam's Club stores nationwide and online.,https://abc7ny.com/post/super-greens-powder-supplements-sold-sams-club-linked-salmonella-outbreak/18104185/,WABC-TV,2025-11-03 15:06:00
Super greens powder supplements sold at Sam's Club linked to salmonella outbreak,2025-11-02T16:26:16Z,Authorities say at least 11 people have been sickened with salmonella infections linked to powder supplements sold at Sam's Club stores nationwide and online.,https://abc7chicago.com/post/super-greens-powder-supplements-sold-sams-club-linked-salmonella-outbreak/18104185/,WLS-TV,2025-11-03 15:06:00
